Bet,betsite,dates,odds,fighter1,fighter2,class,url
John Mahlow,5Dimes,1371234972000,+425,John Mahlow,Scott Holtzman,even,https://www.bestfightodds.com/search?query=UFC%2015%3A%20Collision%20Course
John Mahlow,5Dimes,1371235328000,+325,John Mahlow,Scott Holtzman,even,https://www.bestfightodds.com/search?query=UFC%2015%3A%20Collision%20Course
John Mahlow,5Dimes,1371252970000,+400,John Mahlow,Scott Holtzman,even,https://www.bestfightodds.com/search?query=UFC%2015%3A%20Collision%20Course
John Mahlow,5Dimes,1371254051000,+380,John Mahlow,Scott Holtzman,even,https://www.bestfightodds.com/search?query=UFC%2015%3A%20Collision%20Course
John Mahlow,BetDSI,1371249015000,+275,John Mahlow,Scott Holtzman,even,https://www.bestfightodds.com/search?query=UFC%2015%3A%20Collision%20Course
John Mahlow,BookMaker,1371249017000,+300,John Mahlow,Scott Holtzman,even,https://www.bestfightodds.com/search?query=UFC%2015%3A%20Collision%20Course
John Mahlow,SportBet,1371234987000,+462,John Mahlow,Scott Holtzman,even,https://www.bestfightodds.com/search?query=UFC%2015%3A%20Collision%20Course
John Mahlow,SportBet,1371235335000,+347,John Mahlow,Scott Holtzman,even,https://www.bestfightodds.com/search?query=UFC%2015%3A%20Collision%20Course
John Mahlow,SportBet,1371252988000,+430,John Mahlow,Scott Holtzman,even,https://www.bestfightodds.com/search?query=UFC%2015%3A%20Collision%20Course
John Mahlow,SportBet,1371254068000,+401,John Mahlow,Scott Holtzman,even,https://www.bestfightodds.com/search?query=UFC%2015%3A%20Collision%20Course
John Mahlow,meanodds,1371234972000,+425,John Mahlow,Scott Holtzman,even,https://www.bestfightodds.com/search?query=UFC%2015%3A%20Collision%20Course
John Mahlow,meanodds,1371234987000,+444,John Mahlow,Scott Holtzman,even,https://www.bestfightodds.com/search?query=UFC%2015%3A%20Collision%20Course
John Mahlow,meanodds,1371235328000,+394,John Mahlow,Scott Holtzman,even,https://www.bestfightodds.com/search?query=UFC%2015%3A%20Collision%20Course
John Mahlow,meanodds,1371235335000,+336,John Mahlow,Scott Holtzman,even,https://www.bestfightodds.com/search?query=UFC%2015%3A%20Collision%20Course
John Mahlow,meanodds,1371249015000,+316,John Mahlow,Scott Holtzman,even,https://www.bestfightodds.com/search?query=UFC%2015%3A%20Collision%20Course
John Mahlow,meanodds,1371249017000,+312,John Mahlow,Scott Holtzman,even,https://www.bestfightodds.com/search?query=UFC%2015%3A%20Collision%20Course
John Mahlow,meanodds,1371252970000,+331,John Mahlow,Scott Holtzman,even,https://www.bestfightodds.com/search?query=UFC%2015%3A%20Collision%20Course
John Mahlow,meanodds,1371252988000,+351,John Mahlow,Scott Holtzman,even,https://www.bestfightodds.com/search?query=UFC%2015%3A%20Collision%20Course
John Mahlow,meanodds,1371254051000,+346,John Mahlow,Scott Holtzman,even,https://www.bestfightodds.com/search?query=UFC%2015%3A%20Collision%20Course
John Mahlow,meanodds,1371254068000,+339,John Mahlow,Scott Holtzman,even,https://www.bestfightodds.com/search?query=UFC%2015%3A%20Collision%20Course
Scott Holtzman,5Dimes,1371234972000,-675,John Mahlow,Scott Holtzman,odd,https://www.bestfightodds.com/search?query=UFC%2015%3A%20Collision%20Course
Scott Holtzman,5Dimes,1371235328000,-475,John Mahlow,Scott Holtzman,odd,https://www.bestfightodds.com/search?query=UFC%2015%3A%20Collision%20Course
Scott Holtzman,5Dimes,1371252970000,-600,John Mahlow,Scott Holtzman,odd,https://www.bestfightodds.com/search?query=UFC%2015%3A%20Collision%20Course
Scott Holtzman,5Dimes,1371254051000,-520,John Mahlow,Scott Holtzman,odd,https://www.bestfightodds.com/search?query=UFC%2015%3A%20Collision%20Course
Scott Holtzman,BetDSI,1371249015000,-425,John Mahlow,Scott Holtzman,odd,https://www.bestfightodds.com/search?query=UFC%2015%3A%20Collision%20Course
Scott Holtzman,BookMaker,1371249017000,-450,John Mahlow,Scott Holtzman,odd,https://www.bestfightodds.com/search?query=UFC%2015%3A%20Collision%20Course
Scott Holtzman,SportBet,1371234987000,-638,John Mahlow,Scott Holtzman,odd,https://www.bestfightodds.com/search?query=UFC%2015%3A%20Collision%20Course
Scott Holtzman,SportBet,1371235335000,-453,John Mahlow,Scott Holtzman,odd,https://www.bestfightodds.com/search?query=UFC%2015%3A%20Collision%20Course
Scott Holtzman,SportBet,1371252988000,-570,John Mahlow,Scott Holtzman,odd,https://www.bestfightodds.com/search?query=UFC%2015%3A%20Collision%20Course
Scott Holtzman,SportBet,1371254068000,-499,John Mahlow,Scott Holtzman,odd,https://www.bestfightodds.com/search?query=UFC%2015%3A%20Collision%20Course
Scott Holtzman,meanodds,1371234972000,-675,John Mahlow,Scott Holtzman,odd,https://www.bestfightodds.com/search?query=UFC%2015%3A%20Collision%20Course
Scott Holtzman,meanodds,1371234987000,-656,John Mahlow,Scott Holtzman,odd,https://www.bestfightodds.com/search?query=UFC%2015%3A%20Collision%20Course
Scott Holtzman,meanodds,1371235328000,-545,John Mahlow,Scott Holtzman,odd,https://www.bestfightodds.com/search?query=UFC%2015%3A%20Collision%20Course
Scott Holtzman,meanodds,1371235335000,-464,John Mahlow,Scott Holtzman,odd,https://www.bestfightodds.com/search?query=UFC%2015%3A%20Collision%20Course
Scott Holtzman,meanodds,1371249015000,-450,John Mahlow,Scott Holtzman,odd,https://www.bestfightodds.com/search?query=UFC%2015%3A%20Collision%20Course
Scott Holtzman,meanodds,1371249017000,-450,John Mahlow,Scott Holtzman,odd,https://www.bestfightodds.com/search?query=UFC%2015%3A%20Collision%20Course
Scott Holtzman,meanodds,1371252970000,-473,John Mahlow,Scott Holtzman,odd,https://www.bestfightodds.com/search?query=UFC%2015%3A%20Collision%20Course
Scott Holtzman,meanodds,1371252988000,-500,John Mahlow,Scott Holtzman,odd,https://www.bestfightodds.com/search?query=UFC%2015%3A%20Collision%20Course
Scott Holtzman,meanodds,1371254051000,-485,John Mahlow,Scott Holtzman,odd,https://www.bestfightodds.com/search?query=UFC%2015%3A%20Collision%20Course
Scott Holtzman,meanodds,1371254068000,-470,John Mahlow,Scott Holtzman,odd,https://www.bestfightodds.com/search?query=UFC%2015%3A%20Collision%20Course
Dave Courchaine,5Dimes,1371234972000,+190,Dave Courchaine,Luis Santos,even,https://www.bestfightodds.com/search?query=UFC%2015%3A%20Collision%20Course
Dave Courchaine,5Dimes,1371254051000,+210,Dave Courchaine,Luis Santos,even,https://www.bestfightodds.com/search?query=UFC%2015%3A%20Collision%20Course
Dave Courchaine,BetDSI,1371249015000,+185,Dave Courchaine,Luis Santos,even,https://www.bestfightodds.com/search?query=UFC%2015%3A%20Collision%20Course
Dave Courchaine,BookMaker,1371249017000,+200,Dave Courchaine,Luis Santos,even,https://www.bestfightodds.com/search?query=UFC%2015%3A%20Collision%20Course
Dave Courchaine,SportBet,1371234987000,+202,Dave Courchaine,Luis Santos,even,https://www.bestfightodds.com/search?query=UFC%2015%3A%20Collision%20Course
Dave Courchaine,SportBet,1371254068000,+219,Dave Courchaine,Luis Santos,even,https://www.bestfightodds.com/search?query=UFC%2015%3A%20Collision%20Course
Dave Courchaine,meanodds,1371234972000,+190,Dave Courchaine,Luis Santos,even,https://www.bestfightodds.com/search?query=UFC%2015%3A%20Collision%20Course
Dave Courchaine,meanodds,1371234987000,+196,Dave Courchaine,Luis Santos,even,https://www.bestfightodds.com/search?query=UFC%2015%3A%20Collision%20Course
Dave Courchaine,meanodds,1371249015000,+192,Dave Courchaine,Luis Santos,even,https://www.bestfightodds.com/search?query=UFC%2015%3A%20Collision%20Course
Dave Courchaine,meanodds,1371249017000,+194,Dave Courchaine,Luis Santos,even,https://www.bestfightodds.com/search?query=UFC%2015%3A%20Collision%20Course
Dave Courchaine,meanodds,1371254051000,+199,Dave Courchaine,Luis Santos,even,https://www.bestfightodds.com/search?query=UFC%2015%3A%20Collision%20Course
Dave Courchaine,meanodds,1371254068000,+204,Dave Courchaine,Luis Santos,even,https://www.bestfightodds.com/search?query=UFC%2015%3A%20Collision%20Course
Luis Santos,5Dimes,1371234972000,-270,Dave Courchaine,Luis Santos,odd,https://www.bestfightodds.com/search?query=UFC%2015%3A%20Collision%20Course
Luis Santos,5Dimes,1371254051000,-270,Dave Courchaine,Luis Santos,odd,https://www.bestfightodds.com/search?query=UFC%2015%3A%20Collision%20Course
Luis Santos,BetDSI,1371249015000,-265,Dave Courchaine,Luis Santos,odd,https://www.bestfightodds.com/search?query=UFC%2015%3A%20Collision%20Course
Luis Santos,BookMaker,1371249017000,-280,Dave Courchaine,Luis Santos,odd,https://www.bestfightodds.com/search?query=UFC%2015%3A%20Collision%20Course
Luis Santos,SportBet,1371234987000,-258,Dave Courchaine,Luis Santos,odd,https://www.bestfightodds.com/search?query=UFC%2015%3A%20Collision%20Course
Luis Santos,SportBet,1371254068000,-261,Dave Courchaine,Luis Santos,odd,https://www.bestfightodds.com/search?query=UFC%2015%3A%20Collision%20Course
Luis Santos,meanodds,1371234972000,-270,Dave Courchaine,Luis Santos,odd,https://www.bestfightodds.com/search?query=UFC%2015%3A%20Collision%20Course
Luis Santos,meanodds,1371234987000,-264,Dave Courchaine,Luis Santos,odd,https://www.bestfightodds.com/search?query=UFC%2015%3A%20Collision%20Course
Luis Santos,meanodds,1371249015000,-264,Dave Courchaine,Luis Santos,odd,https://www.bestfightodds.com/search?query=UFC%2015%3A%20Collision%20Course
Luis Santos,meanodds,1371249017000,-268,Dave Courchaine,Luis Santos,odd,https://www.bestfightodds.com/search?query=UFC%2015%3A%20Collision%20Course
Luis Santos,meanodds,1371254051000,-268,Dave Courchaine,Luis Santos,odd,https://www.bestfightodds.com/search?query=UFC%2015%3A%20Collision%20Course
Luis Santos,meanodds,1371254068000,-269,Dave Courchaine,Luis Santos,odd,https://www.bestfightodds.com/search?query=UFC%2015%3A%20Collision%20Course
Reggie Pena,5Dimes,1371234972000,-155,Reggie Pena,Ricky Rainey,even,https://www.bestfightodds.com/search?query=UFC%2015%3A%20Collision%20Course
Reggie Pena,5Dimes,1371235153000,-165,Reggie Pena,Ricky Rainey,even,https://www.bestfightodds.com/search?query=UFC%2015%3A%20Collision%20Course
Reggie Pena,5Dimes,1371253152000,-145,Reggie Pena,Ricky Rainey,even,https://www.bestfightodds.com/search?query=UFC%2015%3A%20Collision%20Course
Reggie Pena,5Dimes,1371253691000,-165,Reggie Pena,Ricky Rainey,even,https://www.bestfightodds.com/search?query=UFC%2015%3A%20Collision%20Course
Reggie Pena,5Dimes,1371254051000,-165,Reggie Pena,Ricky Rainey,even,https://www.bestfightodds.com/search?query=UFC%2015%3A%20Collision%20Course
Reggie Pena,5Dimes,1371256031000,-190,Reggie Pena,Ricky Rainey,even,https://www.bestfightodds.com/search?query=UFC%2015%3A%20Collision%20Course
Reggie Pena,BetDSI,1371249015000,-170,Reggie Pena,Ricky Rainey,even,https://www.bestfightodds.com/search?query=UFC%2015%3A%20Collision%20Course
Reggie Pena,BetDSI,1371259628000,-200,Reggie Pena,Ricky Rainey,even,https://www.bestfightodds.com/search?query=UFC%2015%3A%20Collision%20Course
Reggie Pena,BookMaker,1371249017000,-175,Reggie Pena,Ricky Rainey,even,https://www.bestfightodds.com/search?query=UFC%2015%3A%20Collision%20Course
Reggie Pena,BookMaker,1371259454000,-200,Reggie Pena,Ricky Rainey,even,https://www.bestfightodds.com/search?query=UFC%2015%3A%20Collision%20Course
Reggie Pena,SportBet,1371234987000,-149,Reggie Pena,Ricky Rainey,even,https://www.bestfightodds.com/search?query=UFC%2015%3A%20Collision%20Course
Reggie Pena,SportBet,1371235168000,-159,Reggie Pena,Ricky Rainey,even,https://www.bestfightodds.com/search?query=UFC%2015%3A%20Collision%20Course
Reggie Pena,SportBet,1371253182000,-139,Reggie Pena,Ricky Rainey,even,https://www.bestfightodds.com/search?query=UFC%2015%3A%20Collision%20Course
Reggie Pena,SportBet,1371253708000,-159,Reggie Pena,Ricky Rainey,even,https://www.bestfightodds.com/search?query=UFC%2015%3A%20Collision%20Course
Reggie Pena,SportBet,1371254068000,-161,Reggie Pena,Ricky Rainey,even,https://www.bestfightodds.com/search?query=UFC%2015%3A%20Collision%20Course
Reggie Pena,SportBet,1371256051000,-184,Reggie Pena,Ricky Rainey,even,https://www.bestfightodds.com/search?query=UFC%2015%3A%20Collision%20Course
Reggie Pena,meanodds,1371234972000,-155,Reggie Pena,Ricky Rainey,even,https://www.bestfightodds.com/search?query=UFC%2015%3A%20Collision%20Course
Reggie Pena,meanodds,1371234987000,-152,Reggie Pena,Ricky Rainey,even,https://www.bestfightodds.com/search?query=UFC%2015%3A%20Collision%20Course
Reggie Pena,meanodds,1371235153000,-157,Reggie Pena,Ricky Rainey,even,https://www.bestfightodds.com/search?query=UFC%2015%3A%20Collision%20Course
Reggie Pena,meanodds,1371235168000,-162,Reggie Pena,Ricky Rainey,even,https://www.bestfightodds.com/search?query=UFC%2015%3A%20Collision%20Course
Reggie Pena,meanodds,1371249015000,-165,Reggie Pena,Ricky Rainey,even,https://www.bestfightodds.com/search?query=UFC%2015%3A%20Collision%20Course
Reggie Pena,meanodds,1371249017000,-167,Reggie Pena,Ricky Rainey,even,https://www.bestfightodds.com/search?query=UFC%2015%3A%20Collision%20Course
Reggie Pena,meanodds,1371253152000,-161,Reggie Pena,Ricky Rainey,even,https://www.bestfightodds.com/search?query=UFC%2015%3A%20Collision%20Course
Reggie Pena,meanodds,1371253182000,-156,Reggie Pena,Ricky Rainey,even,https://www.bestfightodds.com/search?query=UFC%2015%3A%20Collision%20Course
Reggie Pena,meanodds,1371253691000,-161,Reggie Pena,Ricky Rainey,even,https://www.bestfightodds.com/search?query=UFC%2015%3A%20Collision%20Course
Reggie Pena,meanodds,1371253708000,-167,Reggie Pena,Ricky Rainey,even,https://www.bestfightodds.com/search?query=UFC%2015%3A%20Collision%20Course
Reggie Pena,meanodds,1371254051000,-167,Reggie Pena,Ricky Rainey,even,https://www.bestfightodds.com/search?query=UFC%2015%3A%20Collision%20Course
Reggie Pena,meanodds,1371254068000,-168,Reggie Pena,Ricky Rainey,even,https://www.bestfightodds.com/search?query=UFC%2015%3A%20Collision%20Course
Reggie Pena,meanodds,1371256031000,-173,Reggie Pena,Ricky Rainey,even,https://www.bestfightodds.com/search?query=UFC%2015%3A%20Collision%20Course
Reggie Pena,meanodds,1371256051000,-179,Reggie Pena,Ricky Rainey,even,https://www.bestfightodds.com/search?query=UFC%2015%3A%20Collision%20Course
Reggie Pena,meanodds,1371259454000,-185,Reggie Pena,Ricky Rainey,even,https://www.bestfightodds.com/search?query=UFC%2015%3A%20Collision%20Course
Reggie Pena,meanodds,1371259628000,-193,Reggie Pena,Ricky Rainey,even,https://www.bestfightodds.com/search?query=UFC%2015%3A%20Collision%20Course
Ricky Rainey,5Dimes,1371234972000,+115,Reggie Pena,Ricky Rainey,odd,https://www.bestfightodds.com/search?query=UFC%2015%3A%20Collision%20Course
Ricky Rainey,5Dimes,1371235153000,+125,Reggie Pena,Ricky Rainey,odd,https://www.bestfightodds.com/search?query=UFC%2015%3A%20Collision%20Course
Ricky Rainey,5Dimes,1371253152000,+105,Reggie Pena,Ricky Rainey,odd,https://www.bestfightodds.com/search?query=UFC%2015%3A%20Collision%20Course
Ricky Rainey,5Dimes,1371253691000,+125,Reggie Pena,Ricky Rainey,odd,https://www.bestfightodds.com/search?query=UFC%2015%3A%20Collision%20Course
Ricky Rainey,5Dimes,1371254051000,+135,Reggie Pena,Ricky Rainey,odd,https://www.bestfightodds.com/search?query=UFC%2015%3A%20Collision%20Course
Ricky Rainey,5Dimes,1371256031000,+150,Reggie Pena,Ricky Rainey,odd,https://www.bestfightodds.com/search?query=UFC%2015%3A%20Collision%20Course
Ricky Rainey,BetDSI,1371249015000,+130,Reggie Pena,Ricky Rainey,odd,https://www.bestfightodds.com/search?query=UFC%2015%3A%20Collision%20Course
Ricky Rainey,BetDSI,1371259628000,+150,Reggie Pena,Ricky Rainey,odd,https://www.bestfightodds.com/search?query=UFC%2015%3A%20Collision%20Course
Ricky Rainey,BookMaker,1371249017000,+135,Reggie Pena,Ricky Rainey,odd,https://www.bestfightodds.com/search?query=UFC%2015%3A%20Collision%20Course
Ricky Rainey,BookMaker,1371259454000,+150,Reggie Pena,Ricky Rainey,odd,https://www.bestfightodds.com/search?query=UFC%2015%3A%20Collision%20Course
Ricky Rainey,SportBet,1371234987000,+121,Reggie Pena,Ricky Rainey,odd,https://www.bestfightodds.com/search?query=UFC%2015%3A%20Collision%20Course
Ricky Rainey,SportBet,1371235168000,+131,Reggie Pena,Ricky Rainey,odd,https://www.bestfightodds.com/search?query=UFC%2015%3A%20Collision%20Course
Ricky Rainey,SportBet,1371253182000,+111,Reggie Pena,Ricky Rainey,odd,https://www.bestfightodds.com/search?query=UFC%2015%3A%20Collision%20Course
Ricky Rainey,SportBet,1371253708000,+131,Reggie Pena,Ricky Rainey,odd,https://www.bestfightodds.com/search?query=UFC%2015%3A%20Collision%20Course
Ricky Rainey,SportBet,1371254068000,+139,Reggie Pena,Ricky Rainey,odd,https://www.bestfightodds.com/search?query=UFC%2015%3A%20Collision%20Course
Ricky Rainey,SportBet,1371256051000,+156,Reggie Pena,Ricky Rainey,odd,https://www.bestfightodds.com/search?query=UFC%2015%3A%20Collision%20Course
Ricky Rainey,meanodds,1371234972000,+115,Reggie Pena,Ricky Rainey,odd,https://www.bestfightodds.com/search?query=UFC%2015%3A%20Collision%20Course
Ricky Rainey,meanodds,1371234987000,+118,Reggie Pena,Ricky Rainey,odd,https://www.bestfightodds.com/search?query=UFC%2015%3A%20Collision%20Course
Ricky Rainey,meanodds,1371235153000,+123,Reggie Pena,Ricky Rainey,odd,https://www.bestfightodds.com/search?query=UFC%2015%3A%20Collision%20Course
Ricky Rainey,meanodds,1371235168000,+128,Reggie Pena,Ricky Rainey,odd,https://www.bestfightodds.com/search?query=UFC%2015%3A%20Collision%20Course
Ricky Rainey,meanodds,1371249015000,+129,Reggie Pena,Ricky Rainey,odd,https://www.bestfightodds.com/search?query=UFC%2015%3A%20Collision%20Course
Ricky Rainey,meanodds,1371249017000,+130,Reggie Pena,Ricky Rainey,odd,https://www.bestfightodds.com/search?query=UFC%2015%3A%20Collision%20Course
Ricky Rainey,meanodds,1371253152000,+125,Reggie Pena,Ricky Rainey,odd,https://www.bestfightodds.com/search?query=UFC%2015%3A%20Collision%20Course
Ricky Rainey,meanodds,1371253182000,+120,Reggie Pena,Ricky Rainey,odd,https://www.bestfightodds.com/search?query=UFC%2015%3A%20Collision%20Course
Ricky Rainey,meanodds,1371253691000,+125,Reggie Pena,Ricky Rainey,odd,https://www.bestfightodds.com/search?query=UFC%2015%3A%20Collision%20Course
Ricky Rainey,meanodds,1371253708000,+130,Reggie Pena,Ricky Rainey,odd,https://www.bestfightodds.com/search?query=UFC%2015%3A%20Collision%20Course
Ricky Rainey,meanodds,1371254051000,+133,Reggie Pena,Ricky Rainey,odd,https://www.bestfightodds.com/search?query=UFC%2015%3A%20Collision%20Course
Ricky Rainey,meanodds,1371254068000,+135,Reggie Pena,Ricky Rainey,odd,https://www.bestfightodds.com/search?query=UFC%2015%3A%20Collision%20Course
Ricky Rainey,meanodds,1371256031000,+139,Reggie Pena,Ricky Rainey,odd,https://www.bestfightodds.com/search?query=UFC%2015%3A%20Collision%20Course
Ricky Rainey,meanodds,1371256051000,+143,Reggie Pena,Ricky Rainey,odd,https://www.bestfightodds.com/search?query=UFC%2015%3A%20Collision%20Course
Ricky Rainey,meanodds,1371259454000,+147,Reggie Pena,Ricky Rainey,odd,https://www.bestfightodds.com/search?query=UFC%2015%3A%20Collision%20Course
Ricky Rainey,meanodds,1371259628000,+152,Reggie Pena,Ricky Rainey,odd,https://www.bestfightodds.com/search?query=UFC%2015%3A%20Collision%20Course
Eric Reynolds,5Dimes,1371235153000,-270,Eric Reynolds,Kevin Forant,even,https://www.bestfightodds.com/search?query=UFC%2015%3A%20Collision%20Course
Eric Reynolds,5Dimes,1371252971000,-230,Eric Reynolds,Kevin Forant,even,https://www.bestfightodds.com/search?query=UFC%2015%3A%20Collision%20Course
Eric Reynolds,5Dimes,1371254051000,-260,Eric Reynolds,Kevin Forant,even,https://www.bestfightodds.com/search?query=UFC%2015%3A%20Collision%20Course
Eric Reynolds,BetDSI,1371249015000,-265,Eric Reynolds,Kevin Forant,even,https://www.bestfightodds.com/search?query=UFC%2015%3A%20Collision%20Course
Eric Reynolds,BetDSI,1371254231000,-260,Eric Reynolds,Kevin Forant,even,https://www.bestfightodds.com/search?query=UFC%2015%3A%20Collision%20Course
Eric Reynolds,BookMaker,1371249017000,-280,Eric Reynolds,Kevin Forant,even,https://www.bestfightodds.com/search?query=UFC%2015%3A%20Collision%20Course
Eric Reynolds,BookMaker,1371254418000,-260,Eric Reynolds,Kevin Forant,even,https://www.bestfightodds.com/search?query=UFC%2015%3A%20Collision%20Course
Eric Reynolds,SportBet,1371235168000,-258,Eric Reynolds,Kevin Forant,even,https://www.bestfightodds.com/search?query=UFC%2015%3A%20Collision%20Course
Eric Reynolds,SportBet,1371252988000,-221,Eric Reynolds,Kevin Forant,even,https://www.bestfightodds.com/search?query=UFC%2015%3A%20Collision%20Course
Eric Reynolds,SportBet,1371254068000,-251,Eric Reynolds,Kevin Forant,even,https://www.bestfightodds.com/search?query=UFC%2015%3A%20Collision%20Course
Eric Reynolds,meanodds,1371235153000,-270,Eric Reynolds,Kevin Forant,even,https://www.bestfightodds.com/search?query=UFC%2015%3A%20Collision%20Course
Eric Reynolds,meanodds,1371235168000,-264,Eric Reynolds,Kevin Forant,even,https://www.bestfightodds.com/search?query=UFC%2015%3A%20Collision%20Course
Eric Reynolds,meanodds,1371249015000,-264,Eric Reynolds,Kevin Forant,even,https://www.bestfightodds.com/search?query=UFC%2015%3A%20Collision%20Course
Eric Reynolds,meanodds,1371249017000,-268,Eric Reynolds,Kevin Forant,even,https://www.bestfightodds.com/search?query=UFC%2015%3A%20Collision%20Course
Eric Reynolds,meanodds,1371252971000,-257,Eric Reynolds,Kevin Forant,even,https://www.bestfightodds.com/search?query=UFC%2015%3A%20Collision%20Course
Eric Reynolds,meanodds,1371252988000,-247,Eric Reynolds,Kevin Forant,even,https://www.bestfightodds.com/search?query=UFC%2015%3A%20Collision%20Course
Eric Reynolds,meanodds,1371254051000,-255,Eric Reynolds,Kevin Forant,even,https://www.bestfightodds.com/search?query=UFC%2015%3A%20Collision%20Course
Eric Reynolds,meanodds,1371254068000,-264,Eric Reynolds,Kevin Forant,even,https://www.bestfightodds.com/search?query=UFC%2015%3A%20Collision%20Course
Eric Reynolds,meanodds,1371254231000,-262,Eric Reynolds,Kevin Forant,even,https://www.bestfightodds.com/search?query=UFC%2015%3A%20Collision%20Course
Eric Reynolds,meanodds,1371254418000,-258,Eric Reynolds,Kevin Forant,even,https://www.bestfightodds.com/search?query=UFC%2015%3A%20Collision%20Course
Kevin Forant,5Dimes,1371235153000,+190,Eric Reynolds,Kevin Forant,odd,https://www.bestfightodds.com/search?query=UFC%2015%3A%20Collision%20Course
Kevin Forant,5Dimes,1371252971000,+170,Eric Reynolds,Kevin Forant,odd,https://www.bestfightodds.com/search?query=UFC%2015%3A%20Collision%20Course
Kevin Forant,5Dimes,1371254051000,+200,Eric Reynolds,Kevin Forant,odd,https://www.bestfightodds.com/search?query=UFC%2015%3A%20Collision%20Course
Kevin Forant,BetDSI,1371249015000,+185,Eric Reynolds,Kevin Forant,odd,https://www.bestfightodds.com/search?query=UFC%2015%3A%20Collision%20Course
Kevin Forant,BetDSI,1371254231000,+180,Eric Reynolds,Kevin Forant,odd,https://www.bestfightodds.com/search?query=UFC%2015%3A%20Collision%20Course
Kevin Forant,BookMaker,1371249017000,+200,Eric Reynolds,Kevin Forant,odd,https://www.bestfightodds.com/search?query=UFC%2015%3A%20Collision%20Course
Kevin Forant,BookMaker,1371254418000,+180,Eric Reynolds,Kevin Forant,odd,https://www.bestfightodds.com/search?query=UFC%2015%3A%20Collision%20Course
Kevin Forant,SportBet,1371235168000,+202,Eric Reynolds,Kevin Forant,odd,https://www.bestfightodds.com/search?query=UFC%2015%3A%20Collision%20Course
Kevin Forant,SportBet,1371252988000,+179,Eric Reynolds,Kevin Forant,odd,https://www.bestfightodds.com/search?query=UFC%2015%3A%20Collision%20Course
Kevin Forant,SportBet,1371254068000,+209,Eric Reynolds,Kevin Forant,odd,https://www.bestfightodds.com/search?query=UFC%2015%3A%20Collision%20Course
Kevin Forant,meanodds,1371235153000,+190,Eric Reynolds,Kevin Forant,odd,https://www.bestfightodds.com/search?query=UFC%2015%3A%20Collision%20Course
Kevin Forant,meanodds,1371235168000,+196,Eric Reynolds,Kevin Forant,odd,https://www.bestfightodds.com/search?query=UFC%2015%3A%20Collision%20Course
Kevin Forant,meanodds,1371249015000,+192,Eric Reynolds,Kevin Forant,odd,https://www.bestfightodds.com/search?query=UFC%2015%3A%20Collision%20Course
Kevin Forant,meanodds,1371249017000,+194,Eric Reynolds,Kevin Forant,odd,https://www.bestfightodds.com/search?query=UFC%2015%3A%20Collision%20Course
Kevin Forant,meanodds,1371252971000,+189,Eric Reynolds,Kevin Forant,odd,https://www.bestfightodds.com/search?query=UFC%2015%3A%20Collision%20Course
Kevin Forant,meanodds,1371252988000,+184,Eric Reynolds,Kevin Forant,odd,https://www.bestfightodds.com/search?query=UFC%2015%3A%20Collision%20Course
Kevin Forant,meanodds,1371254051000,+191,Eric Reynolds,Kevin Forant,odd,https://www.bestfightodds.com/search?query=UFC%2015%3A%20Collision%20Course
Kevin Forant,meanodds,1371254068000,+199,Eric Reynolds,Kevin Forant,odd,https://www.bestfightodds.com/search?query=UFC%2015%3A%20Collision%20Course
Kevin Forant,meanodds,1371254231000,+197,Eric Reynolds,Kevin Forant,odd,https://www.bestfightodds.com/search?query=UFC%2015%3A%20Collision%20Course
Kevin Forant,meanodds,1371254418000,+192,Eric Reynolds,Kevin Forant,odd,https://www.bestfightodds.com/search?query=UFC%2015%3A%20Collision%20Course
